"3,670,000","Bahar 1, Bahar, Jumeirah Beach Residence (JBR), Dubai, UAE",2 beds,2 baths,"1,294 sqft",https://dubai.dubizzle.com/property-for-sale/residential/apartment/2024/9/27/luxury-quality-fully-italian-branded-sea-v-2-559/,N/A
"2,500,000","Shams 4, Shams, Jumeirah Beach Residence (JBR), Dubai, UAE",2 beds,3 baths,"1,262 sqft",https://dubai.dubizzle.com/property-for-sale/residential/apartment/2024/9/27/sea-view-high-floor-vacant-on-transfer-2-338/,N/A
"3,500,000","Amwaj 4, Amwaj, Jumeirah Beach Residence (JBR), Dubai, UAE",3 beds,4 baths,"1,838 sqft",https://dubai.dubizzle.com/property-for-sale/residential/apartment/2024/9/27/great-investment-well-maintained-maids-roo-2-683/,N/A
"3,500,000","Al Bateen Towers, The Walk, Jumeirah Beach Residence (JBR), Dubai, UAE",2 beds,3 baths,"1,638 sqft",https://dubai.dubizzle.com/property-for-sale/residential/apartment/2024/9/27/sea-view-beach-access-vacant-exclusive-2-066/,N/A
"2,400,000","Bahar 1, Bahar, Jumeirah Beach Residence (JBR), Dubai, UAE",2 beds,3 baths,"1,294 sqft",https://dubai.dubizzle.com/property-for-sale/residential/apartment/2024/9/27/best-price-fantastic-views-high-floor-view-2-359/,N/A
"1,900,000","Amwaj 4, Amwaj, Jumeirah Beach Residence (JBR), Dubai, UAE",1 bed,2 baths,"1,169 sqft",https://dubai.dubizzle.com/property-for-sale/residential/apartment/2024/3/13/furnished-near-the-beach-spacious-2-663/,N/A
"2,900,000","Shams 2, Shams, Jumeirah Beach Residence (JBR), Dubai, UAE",2 beds,3 baths,"1,275 sqft",https://dubai.dubizzle.com/property-for-sale/residential/apartment/2024/8/27/full-sea-view-highly-upgraded-interior-vac-2-418/,N/A
"1,800,000","Rimal 3, Rimal, Jumeirah Beach Residence (JBR), Dubai, UAE",1 bed,2 baths,929 sqft,https://dubai.dubizzle.com/property-for-sale/residential/apartment/2024/8/27/vacant-modified-mid-floor-2-655/,N/A
"2,500,000","Shams 1, Shams, Jumeirah Beach Residence (JBR), Dubai, UAE",2 beds,3 baths,"1,274 sqft",https://dubai.dubizzle.com/property-for-sale/residential/apartment/2024/8/27/marina-view-renovated-full-floor-available-2-478/,N/A
"3,000,000","Shams 1, Shams, Jumeirah Beach Residence (JBR), Dubai, UAE",2 beds,3 baths,"1,376 sqft",https://dubai.dubizzle.com/property-for-sale/residential/apartment/2024/8/27/full-sea-view-vacant-full-renovated-2-912/,N/A
"2,700,000","Murjan 1, Murjan, Jumeirah Beach Residence (JBR), Dubai, UAE",2 beds,3 baths,"1,317 sqft",https://dubai.dubizzle.com/property-for-sale/residential/apartment/2024/8/27/with-terrace-high-floor-modified-2-987/,N/A
"2,250,000","Bahar 4, Bahar, Jumeirah Beach Residence (JBR), Dubai, UAE",1 bed,2 baths,"1,267 sqft",https://dubai.dubizzle.com/property-for-sale/residential/apartment/2024/8/27/one-bedroom-full-marina-views-large-terrac-2-055/,N/A
"9,200,000","Jumeirah Gate Tower 2, The Address Residences Jumeirah Resort and Spa, Jumeirah Beach Residence (JBR), Dubai, UAE",2 beds,3 baths,"1,475 sqft",https://dubai.dubizzle.com/property-for-sale/residential/apartment/2024/8/27/high-floor-furnished-stunning-sea-view-2-116/,N/A
"8,300,000","La Vie, Jumeirah Beach Residence (JBR), Dubai, UAE",2 beds,2 baths,"1,409 sqft",https://dubai.dubizzle.com/property-for-sale/residential/apartment/2024/8/27/panoramic-sea-view-upgraded-one-of-one-2-522/,N/A
"2,600,000","Rimal 4, Rimal, Jumeirah Beach Residence (JBR), Dubai, UAE",2 beds,3 baths,"1,391 sqft",https://dubai.dubizzle.com/property-for-sale/residential/apartment/2024/5/15/rimal-4-upgraded-large-2-bedroom-vacant-2-746/,N/A
"3,900,000","Rimal 5, Rimal, Jumeirah Beach Residence (JBR), Dubai, UAE",3 beds,4 baths,"1,925 sqft",https://dubai.dubizzle.com/property-for-sale/residential/apartment/2024/2/26/furnished-apt-marina-view-high-floor-2-392/,N/A
"5,000,000","Rimal 4, Rimal, Jumeirah Beach Residence (JBR), Dubai, UAE",2 beds,2 baths,"1,943 sqft",https://dubai.dubizzle.com/property-for-sale/residential/apartment/2024/2/10/uorade-dubai-eye-ampsea-view-huge-terrace-2-036/,N/A
"1,800,000","Murjan 2, Murjan, Jumeirah Beach Residence (JBR), Dubai, UAE",1 bed,2 baths,"1,101 sqft",https://dubai.dubizzle.com/property-for-sale/residential/apartment/2024/9/25/exclusive-motivated-seller-vacant-now-2-784/,N/A
"3,200,000","Jumeirah Gate Tower 1, The Address Residences Jumeirah Resort and Spa, Jumeirah Beach Residence (JBR), Dubai, UAE",1 bed,2 baths,742 sqft,https://dubai.dubizzle.com/property-for-sale/residential/apartment/2024/9/26/sea-view-vacant-fully-furnished-high-floor-2-919/,N/A
"4,250,000","Al Bateen Towers, The Walk, Jumeirah Beach Residence (JBR), Dubai, UAE",2 beds,3 baths,"1,704 sqft",https://dubai.dubizzle.com/property-for-sale/residential/apartment/2024/9/26/available-now-full-sea-views-furnished-2-141/,N/A
"2,549,999","Sadaf 8, Sadaf, Jumeirah Beach Residence (JBR), Dubai, UAE",3 beds,4 baths,"1,910 sqft",https://dubai.dubizzle.com/property-for-sale/residential/apartment/2024/9/26/pool-view-low-floor-tenanted-2-591/,N/A
"4,200,000","Sadaf 2, Sadaf, Jumeirah Beach Residence (JBR), Dubai, UAE",4 beds,5 baths,"3,114 sqft",https://dubai.dubizzle.com/property-for-sale/residential/apartment/2024/9/26/partial-sea-view-vot-upgraded-huge-layout-2-204/,N/A
"4,600,000","Al Bateen Towers, The Walk, Jumeirah Beach Residence (JBR), Dubai, UAE",2 beds,3 baths,"1,673 sqft",https://dubai.dubizzle.com/property-for-sale/residential/apartment/2024/9/26/vacant-soon-unfurnished-sea-view-2-543/,N/A
"2,595,000","Murjan 1, Murjan, Jumeirah Beach Residence (JBR), Dubai, UAE",2 beds,2 baths,"1,241 sqft",https://dubai.dubizzle.com/property-for-sale/residential/apartment/2024/9/26/vacant-view-today-upgraded-duplex-2-421/,N/A
"3,600,000","Rimal 5, Rimal, Jumeirah Beach Residence (JBR), Dubai, UAE",3 beds,4 baths,"1,924 sqft",https://dubai.dubizzle.com/property-for-sale/residential/apartment/2024/9/26/vacant-december-full-sea-view-unfurnished-2-805/,N/A
"3,700,000","Rimal 2, Rimal, Jumeirah Beach Residence (JBR), Dubai, UAE",3 beds,4 baths,"1,894 sqft",https://dubai.dubizzle.com/property-for-sale/residential/apartment/2024/9/26/full-sea-view-vacant-now-multiple-options-2-669/,N/A
"4,900,000","Al Bateen Towers, The Walk, Jumeirah Beach Residence (JBR), Dubai, UAE",3 beds,5 baths,"2,308 sqft",https://dubai.dubizzle.com/property-for-sale/residential/apartment/2024/9/26/vacant-upgraded-private-beach-access-2-292/,N/A
"2,000,000","Amwaj 4, Amwaj, Jumeirah Beach Residence (JBR), Dubai, UAE",2 beds,3 baths,"1,276 sqft",https://dubai.dubizzle.com/property-for-sale/residential/apartment/2024/9/26/unfurnished-marina-view-rented-2-136/,N/A
"3,600,000","Rimal 6, Rimal, Jumeirah Beach Residence (JBR), Dubai, UAE",3 beds,4 baths,"1,813 sqft",https://dubai.dubizzle.com/property-for-sale/residential/apartment/2024/9/26/full-sea-view-rented-3bedroom-rimal-2-271/,N/A
"4,000,000","Sadaf 8, Sadaf, Jumeirah Beach Residence (JBR), Dubai, UAE",4 beds,4 baths,"2,827 sqft",https://dubai.dubizzle.com/property-for-sale/residential/apartment/2024/7/26/high-floor-full-marina-view-4br-plus-maids-2-763/,N/A
"3,200,000","Jumeirah Gate Tower 1, The Address Residences Jumeirah Resort and Spa, Jumeirah Beach Residence (JBR), Dubai, UAE",1 bed,1 bath,856 sqft,https://dubai.dubizzle.com/property-for-sale/residential/apartment/2024/7/26/largest-layout-fully-furnished-with-balcon-2-411/,N/A
"8,000,000","Jumeirah Gate Tower 2, The Address Residences Jumeirah Resort and Spa, Jumeirah Beach Residence (JBR), Dubai, UAE",2 beds,3 baths,"1,161 sqft",https://dubai.dubizzle.com/property-for-sale/residential/apartment/2024/8/17/exclusive-very-high-floor-furnished-rented-2-919/,N/A
"3,399,999","Al Bateen Towers, The Walk, Jumeirah Beach Residence (JBR), Dubai, UAE",2 beds,3 baths,"1,659 sqft",https://dubai.dubizzle.com/property-for-sale/residential/apartment/2024/9/25/2bhk-maid-direct-beach-access-vot-2-604/,N/A
"11,900,000","Jumeirah Gate Tower 2, The Address Residences Jumeirah Resort and Spa, Jumeirah Beach Residence (JBR), Dubai, UAE",3 beds,4 baths,"1,924 sqft",https://dubai.dubizzle.com/property-for-sale/residential/apartment/2024/9/25/serviced-3br-panoramic-sea-view-vot-2-028/,N/A
"2,375,000","Bahar 1, Bahar, Jumeirah Beach Residence (JBR), Dubai, UAE",2 beds,3 baths,"1,374 sqft",https://dubai.dubizzle.com/property-for-sale/residential/apartment/2024/9/25/vacant-on-transfer-sea-view-well-kept-2-787/,N/A
"3,200,000","Jumeirah Gate Tower 1, The Address Residences Jumeirah Resort and Spa, Jumeirah Beach Residence (JBR), Dubai, UAE",1 bed,2 baths,855 sqft,https://dubai.dubizzle.com/property-for-sale/residential/apartment/2024/8/26/biggest-layout-fully-furnished-marina-view-2-889/,N/A
"3,550,000","Jumeirah Gate Tower 2, The Address Residences Jumeirah Resort and Spa, Jumeirah Beach Residence (JBR), Dubai, UAE",1 bed,2 baths,810 sqft,https://dubai.dubizzle.com/property-for-sale/residential/apartment/2024/7/26/stunning-sea-views-biggest-1br-high-floor-2-884/,N/A
"2,800,000","Bahar 4, Bahar, Jumeirah Beach Residence (JBR), Dubai, UAE",2 beds,2 baths,"1,474 sqft",https://dubai.dubizzle.com/property-for-sale/residential/apartment/2024/8/26/sea-views-bahar-4-2-bedrooms-apartment-2-103/,N/A
"9,700,000","Jumeirah Gate Tower 1, The Address Residences Jumeirah Resort and Spa, Jumeirah Beach Residence (JBR), Dubai, UAE",3 beds,4 baths,"1,867 sqft",https://dubai.dubizzle.com/property-for-sale/residential/apartment/2024/8/26/furnished-sea-and-dubai-ain-view-higher-fl-2-151/,N/A
"7,500,000","Jumeirah Gate Tower 2, The Address Residences Jumeirah Resort and Spa, Jumeirah Beach Residence (JBR), Dubai, UAE",2 beds,3 baths,"1,168 sqft",https://dubai.dubizzle.com/property-for-sale/residential/apartment/2024/7/26/serviced-best-price-fully-furnished-2-117/,N/A
"3,250,000","Bahar 4, Bahar, Jumeirah Beach Residence (JBR), Dubai, UAE",2 beds,3 baths,"1,474 sqft",https://dubai.dubizzle.com/property-for-sale/residential/apartment/2024/9/25/sea-view-prime-location-2-bedrooms-2-827/,N/A
"2,200,000","Rimal 3, Rimal, Jumeirah Beach Residence (JBR), Dubai, UAE",2 beds,3 baths,"1,243 sqft",https://dubai.dubizzle.com/property-for-sale/residential/apartment/2024/9/24/exclusive-vacant-luxurious-laundry-room-2-918/,N/A
"7,250,000","La Vie, Jumeirah Beach Residence (JBR), Dubai, UAE",2 beds,3 baths,"1,400 sqft",https://dubai.dubizzle.com/property-for-sale/residential/apartment/2024/9/25/full-sea-view-high-floor-furnished-2-997/,N/A
"2,200,000","Rimal 3, Rimal, Jumeirah Beach Residence (JBR), Dubai, UAE",2 beds,3 baths,"1,243 sqft",https://dubai.dubizzle.com/property-for-sale/residential/apartment/2024/9/3/exclusive-and-vacant-luxury-2-bhk-apt-sepa-2-263/,N/A
"2,300,000","Murjan 1, Murjan, Jumeirah Beach Residence (JBR), Dubai, UAE",2 beds,3 baths,"1,317 sqft",https://dubai.dubizzle.com/property-for-sale/residential/apartment/2024/9/25/vacant-high-floor-fantastic-sea-views-2-br-2-652/,N/A
"1,900,000","Sadaf 7, Sadaf, Jumeirah Beach Residence (JBR), Dubai, UAE",1 bed,2 baths,"1,212 sqft",https://dubai.dubizzle.com/property-for-sale/residential/apartment/2024/9/25/high-floor-marina-view-rented-sadaf-7-2-530/,N/A
"5,500,000","Rimal 6, Rimal, Jumeirah Beach Residence (JBR), Dubai, UAE",3 beds,4 baths,"1,814 sqft",https://dubai.dubizzle.com/property-for-sale/residential/apartment/2024/9/25/sea-view-luxury-upgraded-best-layout-2-542/,N/A
"2,300,000","Sadaf 7, Sadaf, Jumeirah Beach Residence (JBR), Dubai, UAE",2 beds,2 baths,"1,291 sqft",https://dubai.dubizzle.com/property-for-sale/residential/apartment/2024/9/25/prime-location-palm-jumeirah-view-ready-to-2-612/,N/A
"18,500,000","FIVE Luxe, Jumeirah Beach Residence (JBR), Dubai, UAE",3 beds,4 baths,"3,223 sqft",https://dubai.dubizzle.com/property-for-sale/residential/apartment/2024/9/11/above-40th-floor-i-amazing-view-i-prime-lo-2-849/,N/A
"3,200,000","La Vie, Jumeirah Beach Residence (JBR), Dubai, UAE",1 bed,1 bath,915 sqft,https://dubai.dubizzle.com/property-for-sale/residential/apartment/2024/9/25/brand-new-fully-furnished-private-beach-2-580/,N/A
"2,800,000","Rimal 4, Rimal, Jumeirah Beach Residence (JBR), Dubai, UAE",2 beds,3 baths,"1,392 sqft",https://dubai.dubizzle.com/property-for-sale/residential/apartment/2024/9/25/full-sea-view-middle-floor-rented-rimal-4-2-045/,N/A
"3,599,000","Sadaf 8, Sadaf, Jumeirah Beach Residence (JBR), Dubai, UAE",4 beds,5 baths,"2,815 sqft",https://dubai.dubizzle.com/property-for-sale/residential/apartment/2024/9/25/motivated-seller-marina-view-viewing-avail-2-521/,N/A
"2,250,000","Sadaf 6, Sadaf, Jumeirah Beach Residence (JBR), Dubai, UAE",2 beds,3 baths,"1,434 sqft",https://dubai.dubizzle.com/property-for-sale/residential/apartment/2024/9/25/storage-room-large-layout-partially-upgrad-2-278/,N/A
"1,125,000","Bahar 6, Bahar, Jumeirah Beach Residence (JBR), Dubai, UAE",Studio,1 bath,441 sqft,https://dubai.dubizzle.com/property-for-sale/residential/apartment/2024/9/25/furnished-studio-ready-made-investment-2-908/,N/A
"2,050,000","Shams 2, Shams, Jumeirah Beach Residence (JBR), Dubai, UAE",2 beds,2 baths,"1,289 sqft",https://dubai.dubizzle.com/property-for-sale/residential/apartment/2024/9/25/upgrade-2-bed-marina-view-storage-room-2-471/,N/A
"40,000,000","La Vie, Jumeirah Beach Residence (JBR), Dubai, UAE",5 beds,6 baths,"4,438 sqft",https://dubai.dubizzle.com/property-for-sale/residential/apartment/2024/1/25/furnished-high-floor-and-full-sea-view-2-527/,N/A
"3,600,000","Sadaf 8, Sadaf, Jumeirah Beach Residence (JBR), Dubai, UAE",3 beds,4 baths,"1,903 sqft",https://dubai.dubizzle.com/property-for-sale/residential/apartment/2024/7/25/luxurious-upgraded-unit-prime-location-2-022/,N/A
"1,500,000","Bahar 6, Bahar, Jumeirah Beach Residence (JBR), Dubai, UAE",1 bed,1 bath,779 sqft,https://dubai.dubizzle.com/property-for-sale/residential/apartment/2024/5/25/great-apartment-with-dubai-marina-view--2-610/,N/A
"4,980,000","Murjan 3, Murjan, Jumeirah Beach Residence (JBR), Dubai, UAE",4 beds,6 baths,"3,136 sqft",https://dubai.dubizzle.com/property-for-sale/residential/apartment/2024/6/24/pleasant-community-partial-marina-view-ren-2-744/,N/A
"3,950,000","FIVE Luxe, Jumeirah Beach Residence (JBR), Dubai, UAE",Studio,1 bath,511 sqft,https://dubai.dubizzle.com/property-for-sale/residential/apartment/2024/1/25/ain-dubai-palm-view-furnished-phpp-2-311/,N/A
"12,500,000","Jumeirah Gate Tower 2, The Address Residences Jumeirah Resort and Spa, Jumeirah Beach Residence (JBR), Dubai, UAE",3 beds,4 baths,"1,927 sqft",https://dubai.dubizzle.com/property-for-sale/residential/apartment/2024/1/25/luxurious-lifestyle-stunning-sea-view-2-125/,N/A
"2,450,000","Bahar 1, Bahar, Jumeirah Beach Residence (JBR), Dubai, UAE",2 beds,3 baths,"1,374 sqft",https://dubai.dubizzle.com/property-for-sale/residential/apartment/2024/9/24/vacant-on-transfer-sea-view-well-kept-2-876/,N/A
"2,749,999","Jumeirah Gate Tower 1, The Address Residences Jumeirah Resort and Spa, Jumeirah Beach Residence (JBR), Dubai, UAE",1 bed,2 baths,623 sqft,https://dubai.dubizzle.com/property-for-sale/residential/apartment/2024/4/25/luxury-furnished-apart-vacant-panoramic-vi-2-246/,N/A
"1,850,000","Amwaj 4, Amwaj, Jumeirah Beach Residence (JBR), Dubai, UAE",1 bed,2 baths,"1,170 sqft",https://dubai.dubizzle.com/property-for-sale/residential/apartment/2024/9/12/spacious-i-1-bedroom-marina-view-vacant-2-722/,N/A
"7,200,000","La Vie, Jumeirah Beach Residence (JBR), Dubai, UAE",2 beds,3 baths,"1,410 sqft",https://dubai.dubizzle.com/property-for-sale/residential/apartment/2024/9/24/vacant-sea-view-01-series-brand-new-beauti-2-509/,N/A
"2,200,000","Sadaf 7, Sadaf, Jumeirah Beach Residence (JBR), Dubai, UAE",2 beds,3 baths,"1,294 sqft",https://dubai.dubizzle.com/property-for-sale/residential/apartment/2024/9/16/community-view-vacant-huge-layout-2-262/,N/A
"2,500,000","Murjan 2, Murjan, Jumeirah Beach Residence (JBR), Dubai, UAE",1 bed,2 baths,"1,108 sqft",https://dubai.dubizzle.com/property-for-sale/residential/apartment/2023/10/9/full-sea-view-spacious-1br-exclusive-unit-2-493/,N/A
"4,300,000","Sadaf 4, Sadaf, Jumeirah Beach Residence (JBR), Dubai, UAE",3 beds,4 baths,"1,987 sqft",https://dubai.dubizzle.com/property-for-sale/residential/apartment/2024/5/18/marina-view-vacant-high-floor-2-740/,N/A
"4,300,000","Sadaf 4, Sadaf, Jumeirah Beach Residence (JBR), Dubai, UAE",3 beds,4 baths,"1,987 sqft",https://dubai.dubizzle.com/property-for-sale/residential/apartment/2024/5/18/marina-view-vacant-high-floor-2-740/,N/A
"14,000,000","La Vie, Jumeirah Beach Residence (JBR), Dubai, UAE",3 beds,4 baths,"1,959 sqft",https://dubai.dubizzle.com/property-for-sale/residential/apartment/2024/9/24/most-wanted-luxury-living-corner-unit-high-2-180/,N/A
"2,650,000","Shams 2, Shams, Jumeirah Beach Residence (JBR), Dubai, UAE",3 beds,3 baths,"1,991 sqft",https://dubai.dubizzle.com/property-for-sale/residential/apartment/2024/9/24/3-bedrooms-1936-sqft-mid-floor-2-118/,N/A
"3,000,000","Murjan 3, Murjan, Jumeirah Beach Residence (JBR), Dubai, UAE",2 beds,2 baths,"1,466 sqft",https://dubai.dubizzle.com/property-for-sale/residential/apartment/2024/9/24/full-sea-view-vacant-priced-to-sell-2-822/,N/A
"8,800,000","FIVE Luxe, Jumeirah Beach Residence (JBR), Dubai, UAE",2 beds,3 baths,"1,597 sqft",https://dubai.dubizzle.com/property-for-sale/residential/apartment/2024/9/24/experience-the-luxury-living-at-five-jbr-2-195/,N/A
"2,300,000","Rimal 3, Rimal, Jumeirah Beach Residence (JBR), Dubai, UAE",2 beds,3 baths,"1,444 sqft",https://dubai.dubizzle.com/property-for-sale/residential/apartment/2024/9/24/larger-type-marina-view-mid-floor-2-112/,N/A
"1,875,000","Amwaj 4, Amwaj, Jumeirah Beach Residence (JBR), Dubai, UAE",1 bed,2 baths,"1,170 sqft",https://dubai.dubizzle.com/property-for-sale/residential/apartment/2024/9/24/1-bedroom-upgraded-premium-furnishing-vaca-2-981/,N/A
"2,200,000","Rimal 3, Rimal, Jumeirah Beach Residence (JBR), Dubai, UAE",2 beds,3 baths,"1,243 sqft",https://dubai.dubizzle.com/property-for-sale/residential/apartment/2024/9/24/2-bed-great-layout-1243-sq-ft-2-076/,N/A
"12,500,000","Jumeirah Gate Tower 2, The Address Residences Jumeirah Resort and Spa, Jumeirah Beach Residence (JBR), Dubai, UAE",3 beds,4 baths,"1,927 sqft",https://dubai.dubizzle.com/property-for-sale/residential/apartment/2024/8/24/serene-sea-view-elevated-floor-helper-suit-2-220/,N/A
"8,300,000","Jumeirah Gate Tower 1, The Address Residences Jumeirah Resort and Spa, Jumeirah Beach Residence (JBR), Dubai, UAE",2 beds,2 baths,"1,475 sqft",https://dubai.dubizzle.com/property-for-sale/residential/apartment/2024/8/24/panoramic-sea-views-elevated-floor-furnish-2-870/,N/A
"7,500,000","Jumeirah Gate Tower 1, The Address Residences Jumeirah Resort and Spa, Jumeirah Beach Residence (JBR), Dubai, UAE",2 beds,2 baths,"1,166 sqft",https://dubai.dubizzle.com/property-for-sale/residential/apartment/2024/5/23/furnished-i-full-sea-view-i-vacant-on-tran-2-665/,N/A
"3,499,000","Rimal 5, Rimal, Jumeirah Beach Residence (JBR), Dubai, UAE",3 beds,4 baths,"1,915 sqft",https://dubai.dubizzle.com/property-for-sale/residential/apartment/2024/7/24/rimal-5-sea-view-3br-maids-2-106/,N/A
"3,200,000","Sadaf 8, Sadaf, Jumeirah Beach Residence (JBR), Dubai, UAE",4 beds,5 baths,"2,706 sqft",https://dubai.dubizzle.com/property-for-sale/residential/apartment/2024/7/18/4bedroom-maid-ready-for-occupancy-2-351/,N/A
"3,300,000","Rimal 3, Rimal, Jumeirah Beach Residence (JBR), Dubai, UAE",3 beds,4 baths,"1,948 sqft",https://dubai.dubizzle.com/property-for-sale/residential/apartment/2024/9/23/unique-layout-partial-sea-views-large-unit-2-831/,N/A
"4,350,000","Al Bateen Towers, The Walk, Jumeirah Beach Residence (JBR), Dubai, UAE",2 beds,3 baths,"1,704 sqft",https://dubai.dubizzle.com/property-for-sale/residential/apartment/2024/9/23/beach-access-furnished-unit-with-sea-view-2-651/,N/A
"7,800,000","La Vie, Jumeirah Beach Residence (JBR), Dubai, UAE",2 beds,3 baths,"1,411 sqft",https://dubai.dubizzle.com/property-for-sale/residential/apartment/2024/9/23/upgraded-panoramic-views-private-beach-2-426/,N/A
"1,549,000","Murjan 2, Murjan, Jumeirah Beach Residence (JBR), Dubai, UAE",Studio,1 bath,720 sqft,https://dubai.dubizzle.com/property-for-sale/residential/apartment/2024/9/23/vacant-marina-view-furnished-2-583/,N/A
"1,800,000","Rimal 3, Rimal, Jumeirah Beach Residence (JBR), Dubai, UAE",1 bed,2 baths,929 sqft,https://dubai.dubizzle.com/property-for-sale/residential/apartment/2024/8/12/upgraded-vacant-dubai-eye-view-2-291/,N/A
"1,875,000","Amwaj 4, Amwaj, Jumeirah Beach Residence (JBR), Dubai, UAE",1 bed,2 baths,"1,170 sqft",https://dubai.dubizzle.com/property-for-sale/residential/apartment/2024/9/23/upgraded-1-bedroom-with-a-beautiful-view-2-564/,N/A
"2,000,000","Shams 1, Shams, Jumeirah Beach Residence (JBR), Dubai, UAE",1 bed,1 bath,"1,182 sqft",https://dubai.dubizzle.com/property-for-sale/residential/apartment/2024/9/23/large-layout-vacant-one-bedroom-2-353/,N/A
"3,350,000","Murjan 3, Murjan, Jumeirah Beach Residence (JBR), Dubai, UAE",3 beds,4 baths,"2,673 sqft",https://dubai.dubizzle.com/property-for-sale/residential/apartment/2024/5/7/generous-size-great-value-for-money-upgrad-2-556/,N/A
"2,300,000","Sadaf 7, Sadaf, Jumeirah Beach Residence (JBR), Dubai, UAE",1 bed,2 baths,"1,465 sqft",https://dubai.dubizzle.com/property-for-sale/residential/apartment/2024/8/12/biggest-layout-fully-furnished-marina-view-2-781/,N/A
"6,500,000","Shams 4, Shams, Jumeirah Beach Residence (JBR), Dubai, UAE",4 beds,5 baths,"3,414 sqft",https://dubai.dubizzle.com/property-for-sale/residential/apartment/2024/9/23/ain-dubai-and-sea-view-furnished-and-upgra-2-106/,N/A
"3,550,000","Al Bateen Towers, The Walk, Jumeirah Beach Residence (JBR), Dubai, UAE",1 bed,2 baths,"1,082 sqft",https://dubai.dubizzle.com/property-for-sale/residential/apartment/2024/8/23/luxuriously-upgraded-equipped-sea-view-vot-2-519/,N/A
"2,695,000","Jumeirah Gate Tower 1, The Address Residences Jumeirah Resort and Spa, Jumeirah Beach Residence (JBR), Dubai, UAE",1 bed,2 baths,625 sqft,https://dubai.dubizzle.com/property-for-sale/residential/apartment/2024/8/23/investor-deal-vacant-5-facilities-high-roi-2-435/,N/A
"2,100,000","Murjan 1, Murjan, Jumeirah Beach Residence (JBR), Dubai, UAE",1 bed,2 baths,"1,105 sqft",https://dubai.dubizzle.com/property-for-sale/residential/apartment/2024/1/23/elegant-apartment-with-amazing-sea-views-2-262/,N/A
"2,800,000","Shams 1, Shams, Jumeirah Beach Residence (JBR), Dubai, UAE",3 beds,4 baths,"1,884 sqft",https://dubai.dubizzle.com/property-for-sale/residential/apartment/2024/8/23/fully-upgraded-vacant-nice-sea-and-marina--2-111/,N/A
"8,650,000","Jumeirah Gate Tower 1, The Address Residences Jumeirah Resort and Spa, Jumeirah Beach Residence (JBR), Dubai, UAE",2 beds,2 baths,"1,477 sqft",https://dubai.dubizzle.com/property-for-sale/residential/apartment/2024/8/23/exclusive-upgraded-and-well-furnished-sea--2-570/,N/A
"9,870,000","Jumeirah Gate Tower 1, The Address Residences Jumeirah Resort and Spa, Jumeirah Beach Residence (JBR), Dubai, UAE",3 beds,3 baths,"1,940 sqft",https://dubai.dubizzle.com/property-for-sale/residential/apartment/2024/8/23/exclusive-furnished-3-br-mid-floor-sea-vie-2-101/,N/A
"1,950,000","Murjan 1, Murjan, Jumeirah Beach Residence (JBR), Dubai, UAE",1 bed,2 baths,"1,106 sqft",https://dubai.dubizzle.com/property-for-sale/residential/apartment/2024/7/23/sea-view-high-floor-rented-till-dec-2-955/,N/A
"3,600,000","Murjan 1, Murjan, Jumeirah Beach Residence (JBR), Dubai, UAE",3 beds,4 baths,"1,922 sqft",https://dubai.dubizzle.com/property-for-sale/residential/apartment/2024/8/22/sea-and-palm-view-upgraded-high-floor-vaca-2-662/,N/A
"7,200,000","Jumeirah Gate Tower 2, The Address Residences Jumeirah Resort and Spa, Jumeirah Beach Residence (JBR), Dubai, UAE",2 beds,3 baths,"1,163 sqft",https://dubai.dubizzle.com/property-for-sale/residential/apartment/2024/8/22/sea-view-luxurious-2-bedroom-fully-furnish-2-542/,N/A
"3,000,000","Jumeirah Gate Tower 2, The Address Residences Jumeirah Resort and Spa, Jumeirah Beach Residence (JBR), Dubai, UAE",1 bed,2 baths,737 sqft,https://dubai.dubizzle.com/property-for-sale/residential/apartment/2024/8/22/1-bedroom-marina-view-furnished-2-318/,N/A
"3,050,000","Murjan 5, Murjan, Jumeirah Beach Residence (JBR), Dubai, UAE",3 beds,3 baths,"1,882 sqft",https://dubai.dubizzle.com/property-for-sale/residential/apartment/2024/8/22/sea-and-ain-view-large-layout-upgraded-2-279/,N/A
"2,000,000","Murjan 2, Murjan, Jumeirah Beach Residence (JBR), Dubai, UAE",1 bed,2 baths,"1,074 sqft",https://dubai.dubizzle.com/property-for-sale/residential/apartment/2024/7/22/seaviewmarina-view-biggest-layout-prime-lo-2-378/,N/A
"3,300,000","Jumeirah Gate Tower 1, The Address Residences Jumeirah Resort and Spa, Jumeirah Beach Residence (JBR), Dubai, UAE",1 bed,2 baths,742 sqft,https://dubai.dubizzle.com/property-for-sale/residential/apartment/2024/5/21/fully-furnished-high-floor-marina-view-2-732/,N/A
"1,600,000","Bahar 6, Bahar, Jumeirah Beach Residence (JBR), Dubai, UAE",1 bed,2 baths,850 sqft,https://dubai.dubizzle.com/property-for-sale/residential/apartment/2024/8/22/prime-location-fully-furnished-1bhk-vacant-2-742/,N/A
"8,900,000","Jumeirah Gate Tower 1, The Address Residences Jumeirah Resort and Spa, Jumeirah Beach Residence (JBR), Dubai, UAE",3 beds,4 baths,"1,868 sqft",https://dubai.dubizzle.com/property-for-sale/residential/apartment/2024/6/21/sea-and-ain-view-furnished-vacant-2-595/,N/A
"3,600,000","Murjan 1, Murjan, Jumeirah Beach Residence (JBR), Dubai, UAE",3 beds,3 baths,"1,921 sqft",https://dubai.dubizzle.com/property-for-sale/residential/apartment/2024/9/21/partial-marina-n-sea-view-i-high-floor-i-3-2-591/,N/A
"2,900,000","Sadaf 1, Sadaf, Jumeirah Beach Residence (JBR), Dubai, UAE",3 beds,4 baths,"1,913 sqft",https://dubai.dubizzle.com/property-for-sale/residential/apartment/2024/8/17/partial-sea-view-motivated-seller-negotiab-2-151/,N/A
"3,500,000","Jumeirah Gate Tower 2, The Address Residences Jumeirah Resort and Spa, Jumeirah Beach Residence (JBR), Dubai, UAE",1 bed,2 baths,809 sqft,https://dubai.dubizzle.com/property-for-sale/residential/apartment/2024/5/20/1-br-high-floor-luxury-living-with-sea-vie-2-859/,N/A
"3,200,000","Shams 1, Shams, Jumeirah Beach Residence (JBR), Dubai, UAE",3 beds,4 baths,"1,884 sqft",https://dubai.dubizzle.com/property-for-sale/residential/apartment/2024/8/21/3-bed-plus-maids-large-layout-upgrades-2-820/,N/A
"2,300,000","Sadaf 7, Sadaf, Jumeirah Beach Residence (JBR), Dubai, UAE",2 beds,2 baths,"1,466 sqft",https://dubai.dubizzle.com/property-for-sale/residential/apartment/2024/9/20/unique-layout-marina-views-large-unit-high-2-807/,N/A
"4,230,000","Rimal 5, Rimal, Jumeirah Beach Residence (JBR), Dubai, UAE",4 beds,5 baths,"2,751 sqft",https://dubai.dubizzle.com/property-for-sale/residential/apartment/2024/8/17/sea-view-tenanted-amazing-layout-2-447/,N/A
"2,300,000","Sadaf 7, Sadaf, Jumeirah Beach Residence (JBR), Dubai, UAE",1 bed,2 baths,"1,466 sqft",https://dubai.dubizzle.com/property-for-sale/residential/apartment/2024/8/17/spacious-one-bedroom-tenanted-high-floor-2-558/,N/A
"3,750,000","Rimal 2, Rimal, Jumeirah Beach Residence (JBR), Dubai, UAE",3 beds,4 baths,"1,894 sqft",https://dubai.dubizzle.com/property-for-sale/residential/apartment/2024/9/9/full-sea-view-vacant-mid-floor-investor-de-2-958/,N/A
"2,650,000","Bahar 4, Bahar, Jumeirah Beach Residence (JBR), Dubai, UAE",2 beds,3 baths,"1,267 sqft",https://dubai.dubizzle.com/property-for-sale/residential/apartment/2024/9/9/fully-upgraded-fully-furnished-vacant-2-896/,N/A
"3,850,000","Sadaf 6, Sadaf, Jumeirah Beach Residence (JBR), Dubai, UAE",3 beds,3 baths,"1,888 sqft",https://dubai.dubizzle.com/property-for-sale/residential/apartment/2024/9/20/3-beds-owner-occupied-fully-upgraded-2-953/,N/A
"14,000,000","Jumeirah Gate Tower 2, The Address Residences Jumeirah Resort and Spa, Jumeirah Beach Residence (JBR), Dubai, UAE",3 beds,4 baths,"1,865 sqft",https://dubai.dubizzle.com/property-for-sale/residential/apartment/2024/9/20/full-sea-view-vacant-hotel-apt-exclusive-2-907/,N/A
"5,999,999","FIVE Luxe, Jumeirah Beach Residence (JBR), Dubai, UAE",1 bed,1 bath,"1,112 sqft",https://dubai.dubizzle.com/property-for-sale/residential/apartment/2024/9/18/private-pool-large-layout-high-floor-vacan-2-815/,N/A
"3,650,000","Murjan 3, Murjan, Jumeirah Beach Residence (JBR), Dubai, UAE",3 beds,4 baths,"2,673 sqft",https://dubai.dubizzle.com/property-for-sale/residential/apartment/2024/7/18/spacious-well-maintained-elegant-vacation--2-206/,N/A
"3,400,000","Sadaf 8, Sadaf, Jumeirah Beach Residence (JBR), Dubai, UAE",4 beds,5 baths,"2,706 sqft",https://dubai.dubizzle.com/property-for-sale/residential/apartment/2024/9/20/discover-your-luxury-beachside-lifestyle-2-615/,N/A
"2,200,000","Shams 2, Shams, Jumeirah Beach Residence (JBR), Dubai, UAE",2 beds,3 baths,"1,289 sqft",https://dubai.dubizzle.com/property-for-sale/residential/apartment/2024/9/5/beautiful-2br-peaceful-views-near-beach-2-895/,N/A
"3,950,000","Amwaj 4, Amwaj, Jumeirah Beach Residence (JBR), Dubai, UAE",4 beds,4 baths,"2,534 sqft",https://dubai.dubizzle.com/property-for-sale/residential/apartment/2024/9/20/fully-upgraded-4-plus-maid-balconies-2-900/,N/A
"3,300,000","Al Fattan Marine Tower, Al Fattan Marine Towers, Jumeirah Beach Residence (JBR), Dubai, UAE",2 beds,2 baths,"1,656 sqft",https://dubai.dubizzle.com/property-for-sale/residential/apartment/2024/9/20/vacant-large-layout-upgraded-2-beds-2-850/,N/A
"2,800,000","Sadaf 6, Sadaf, Jumeirah Beach Residence (JBR), Dubai, UAE",2 beds,3 baths,"1,411 sqft",https://dubai.dubizzle.com/property-for-sale/residential/apartment/2024/9/20/vacant-full-sea-view-large-balcony-2-988/,N/A
"4,000,000","Sadaf 8, Sadaf, Jumeirah Beach Residence (JBR), Dubai, UAE",4 beds,5 baths,"2,827 sqft",https://dubai.dubizzle.com/property-for-sale/residential/apartment/2024/9/20/marina-view-i-high-floor-i-vacant-i-large--2-967/,N/A
"3,200,000","La Vie, Jumeirah Beach Residence (JBR), Dubai, UAE",1 bed,2 baths,915 sqft,https://dubai.dubizzle.com/property-for-sale/residential/apartment/2024/8/20/high-floor-luxurious-living-brand-new--2-415/,N/A
"2,499,000","Sadaf 2, Sadaf, Jumeirah Beach Residence (JBR), Dubai, UAE",3 beds,4 baths,"1,877 sqft",https://dubai.dubizzle.com/property-for-sale/residential/apartment/2024/8/20/well-maintained-apartment-ready-nice-view-2-025/,N/A
"2,400,000","Shams 1, Shams, Jumeirah Beach Residence (JBR), Dubai, UAE",2 beds,3 baths,"1,376 sqft",https://dubai.dubizzle.com/property-for-sale/residential/apartment/2024/7/8/huge-layout-partial-marina-view-mid-floor-2-041/,N/A
"11,200,000","La Vie, Jumeirah Beach Residence (JBR), Dubai, UAE",3 beds,3 baths,"1,959 sqft",https://dubai.dubizzle.com/property-for-sale/residential/apartment/2024/9/17/beachfront-full-sea-view-luxury-amenities-2-606/,N/A
"2,350,000","Bahar 4, Bahar, Jumeirah Beach Residence (JBR), Dubai, UAE",2 beds,3 baths,"1,267 sqft",https://dubai.dubizzle.com/property-for-sale/residential/apartment/2024/9/19/stunning-sea-view-upgraded-vacant-on-trans-2-763/,N/A
"3,800,000","Murjan 1, Murjan, Jumeirah Beach Residence (JBR), Dubai, UAE",3 beds,4 baths,"1,922 sqft",https://dubai.dubizzle.com/property-for-sale/residential/apartment/2024/9/19/high-floor-rented-seaview-upgraded-2-786/,N/A
"5,000,000","Murjan 3, Murjan, Jumeirah Beach Residence (JBR), Dubai, UAE",3 beds,4 baths,"2,673 sqft",https://dubai.dubizzle.com/property-for-sale/residential/apartment/2024/9/19/rare-large-layout-upgraded-vot-2-413/,N/A
"2,300,000","Bahar 1, Bahar, Jumeirah Beach Residence (JBR), Dubai, UAE",2 beds,2 baths,"1,300 sqft",https://dubai.dubizzle.com/property-for-sale/residential/apartment/2024/9/19/vacant-sea-and-marina-view-two-beds-2-271/,N/A
"2,600,000","Murjan 5, Murjan, Jumeirah Beach Residence (JBR), Dubai, UAE",2 beds,3 baths,"1,396 sqft",https://dubai.dubizzle.com/property-for-sale/residential/apartment/2024/9/11/exclusive-2br-in-jbr-smart-home-private-ja-2-888/,N/A
"3,000,000","Jumeirah Gate Tower 2, The Address Residences Jumeirah Resort and Spa, Jumeirah Beach Residence (JBR), Dubai, UAE",1 bed,2 baths,625 sqft,https://dubai.dubizzle.com/property-for-sale/residential/apartment/2024/9/11/luxury-1-br-apartment-with-partial-sea-vie-2-500/,N/A
"3,200,000","Jumeirah Gate Tower 1, The Address Residences Jumeirah Resort and Spa, Jumeirah Beach Residence (JBR), Dubai, UAE",1 bed,1 bath,706 sqft,https://dubai.dubizzle.com/property-for-sale/residential/apartment/2024/8/19/vacant-middle-floor-marina-view-2-415/,N/A
"10,000,000","One JBR, Jumeirah Beach Residence (JBR), Dubai, UAE",2 beds,3 baths,"1,938 sqft",https://dubai.dubizzle.com/property-for-sale/residential/apartment/2024/8/19/beachfront-high-floor-fully-furnished-2-965/,N/A
"3,550,000","Rimal 4, Rimal, Jumeirah Beach Residence (JBR), Dubai, UAE",3 beds,3 baths,"1,929 sqft",https://dubai.dubizzle.com/property-for-sale/residential/apartment/2024/7/19/sea-view-vacant-on-transfer-3-bedroom-2-250/,N/A
"2,200,000","Bahar 1, Bahar, Jumeirah Beach Residence (JBR), Dubai, UAE",2 beds,3 baths,"1,286 sqft",https://dubai.dubizzle.com/property-for-sale/residential/apartment/2024/9/18/vacant-ready-move-in-low-floor-2-446/,N/A
"2,800,000","Sadaf 8, Sadaf, Jumeirah Beach Residence (JBR), Dubai, UAE",3 beds,4 baths,"1,908 sqft",https://dubai.dubizzle.com/property-for-sale/residential/apartment/2024/9/18/vot-marina-view-high-floor-2-895/,N/A
"3,000,000","Sadaf 8, Sadaf, Jumeirah Beach Residence (JBR), Dubai, UAE",3 beds,4 baths,"1,903 sqft",https://dubai.dubizzle.com/property-for-sale/residential/apartment/2024/9/18/mid-floor-vacant-biggest-layout-2-268/,N/A
"9,200,000","Jumeirah Gate Tower 1, The Address Residences Jumeirah Resort and Spa, Jumeirah Beach Residence (JBR), Dubai, UAE",3 beds,4 baths,"1,868 sqft",https://dubai.dubizzle.com/property-for-sale/residential/apartment/2024/9/18/best-3-br-easy-viewing-vacant-luxury-desig-2-700/,N/A
